	RPMI-8866	RS4-11	RT-112	RVH-421	RXF393	S-117	SAS	SBC-1	SBC-5	SCC-15	SCC-25	SCC-4	SCC-9	SCH	SF126	SF268	SF295	SF539	SHP-77	SIMA	SJRH30	SJSA-1	SK-CO-1	SK-HEP-1	SK-LMS-1	SK-LU-1	SK-MEL-2	SK-MEL-24	SK-MEL-28	SK-MEL-3	SK-MEL-30	SK-MEL-5	SK-MES-1	SK-MG-1	SK-MM-2	SK-N-AS	SK-N-DZ	SK-N-FI	SK-NEP-1	SK-OV-3	SK-UT-1	SKG-IIIa	SKM-1	SN12C	SNG-M	SNU-387	SNU-423	SNU-449	SNU-C1	SNU-C2B	SR	ST486	SUP-T1	SW1088	SW1116	SW13	SW1417	SW1463	SW1573	SW1710	SW1783	SW1990	SW48	SW620	SW626	SW684	SW780	SW837	SW872	SW900	SW948	SW954	SW962	SW982	Saos-2	SiHa	T-24	T47D	T84	T98G	TC-YIK	TCCSUP	TE-1	TE-10	TE-11	TE-12	TE-15	TE-5	TE-6	TE-8	TE-9	TGBC11TKB	TGBC1TKB	TGBC24TKB	TGW	TK10	TT	TUR	TYK-nu	U-118-MG	U-2-OS	U-266	U-698-M	U-87-MG	U031	U251	UACC-257	UACC-62	UM-UC-3	UMC-11	VA-ES-BJ	VM-CUB-1	VMRC-RCZ	WM-115	WSU-NHL	YAPC	YH-13	YKG-1	ZR-75-30
17-AAG	0.261312	4.431245	-1.963627	-1.654628	-2.003833	-1.178236	-2.06439	3.80875	-1.6035469999999998	0.872599	-1.4039409999999999	-1.7272610000000002	-1.7887810000000002	4.098068	3.440604	-0.8764069999999999	-2.740785	-2.705835	-0.099981	4.3765339999999995	0.714187	-1.144217	-2.9601990000000002	2.4650950000000003	-0.569246	-3.479453	-2.131625	-1.975454	-2.178481	1.059908	-0.092279	0.8216959999999999	-3.322634	-2.310743	3.528741	1.237539	0.894603	1.578997	1.134796	-1.244106	-3.449018	-2.998485	-1.633041	-2.291934	2.051487	0.640241	2.237157	3.213828	0.7449399999999999	0.440558	-2.724834	3.230555	1.681743	-1.807106	3.0414790000000003	2.497667	0.547249	3.169264	-1.9133959999999999	-1.220976	-1.078911	-2.107273	-2.9879700000000002	-1.709066	-1.0926639999999999	-2.719482	-3.169389	0.10394400000000001	-1.894918	0.07538500000000001	2.07449	-1.230073	-3.2326080000000004	-3.5068300000000003	-0.1293	-2.2551490000000003	-1.1038569999999999	3.020349	2.937549	-3.193536	0.621035	-2.819345	-2.385573	-0.88075	-2.10688	-1.635138	-1.908581	2.0032330000000003	-1.35674	-2.1835720000000003	-1.523907	-1.841594	-2.520414	0.0008359999999999999	4.7395760000000005	-1.464602	2.934915	-2.955796	-3.2225740000000003	-1.288102	-1.761842	2.0989709999999997	3.427811	-2.2723869999999997	-1.582466	-2.251425	-0.556999	-1.132366	-0.7881199999999999	-0.59359	-3.112876	-3.3084010000000004	-1.983223	-3.2802290000000003	1.32155	-0.796736	-2.860796	-2.9815669999999996	-0.651604
